Nombre,Apellido,Casa,Nivel_Mágico,Asignatura_Favorita,Mascota,Año_Ingreso,Riesgo
Xiomara,Llamas,Moonlight,76,Hechizos,Fénix,2016,Bajo
Salud,Araujo,Nightshade,41,Transformaciones,Salamandra,2019,Alto
Cecilio,Estevez,Sunflare,91,Hechizos,Gato,2019,Bajo
Severino,Llano,Thunderclaw,37,Adivinación,Fénix,2019,Alto
Sonia,Ribera,Dragonescale,50,Adivinación,Dragón,2022,Bajo
Vinicio,Fabra,Dragonescale,99,Pociones,Gato,2021,Bajo
Gerardo,Daza,Dragonescale,54,Pociones,Lechuza,2022,Bajo
Ágata,Pinedo,Sunflare,41,Pociones,Fénix,2020,Alto
Loreto,Villalba,Thunderclaw,59,Adivinación,Lechuza,2020,Bajo
Julieta,Piquer,Sunflare,88,Hechizos,Gato,2016,Bajo
Nadia,Doménech,Dragonescale,55,Hechizos,Salamandra,2020,Bajo
Candelario,Baeza,Nightshade,55,Pociones,Dragón,2019,Bajo
Herminio,Laguna,Sunflare,76,Transformaciones,Lechuza,2019,Bajo
Diego,Rico,Moonlight,61,Hechizos,Gato,2022,Bajo
Moisés,Carmona,Dragonescale,39,Adivinación,Lechuza,2017,Alto
Rosenda,Comas,Dragonescale,45,Criaturas Mágicas,Lechuza,2020,Alto
María,Carmen,Moonlight,46,Criaturas Mágicas,Lechuza,2022,Alto
Melania,Rodríguez,Thunderclaw,52,Criaturas Mágicas,Lechuza,2015,Bajo
Blas,Cases,Moonlight,55,Transformaciones,Salamandra,2015,Bajo
Estefanía,Hernando,Moonlight,36,Pociones,Gato,2017,Alto
Nazario,Montesinos,Thunderclaw,43,Adivinación,Dragón,2017,Alto
Victoria,Prada,Dragonescale,36,Transformaciones,Lechuza,2017,Alto
Corona,Arjona,Moonlight,38,Adivinación,Lechuza,2022,Alto
Delia,Murcia,Moonlight,77,Adivinación,Lechuza,2015,Bajo
Azucena,Bermúdez,Moonlight,88,Pociones,Lechuza,2019,Bajo
Ana,Belén,Sunflare,68,Criaturas Mágicas,Lechuza,2017,Bajo
Jenaro,Almansa,Dragonescale,47,Pociones,Lechuza,2016,Alto
Felisa,Almazán,Thunderclaw,103,Transformaciones,Gato,2021,Bajo
Mirta,Campoy,Thunderclaw,61,Transformaciones,Lechuza,2022,Bajo
Emilio,Huerta,Dragonescale,43,Transformaciones,Gato,2017,Alto
Rosaura,Vilar,Thunderclaw,75,Pociones,Gato,2021,Bajo
Leoncio,Falcó,Dragonescale,53,Adivinación,Gato,2018,Bajo
Gerónimo,Aznar,Dragonescale,89,Adivinación,Gato,2017,Bajo
Florencia,Real,Nightshade,74,Hechizos,Gato,2015,Bajo
Elpidio,Serrano,Nightshade,32,Transformaciones,Salamandra,2020,Alto
Rolando,Cornejo,Sunflare,66,Adivinación,Gato,2017,Bajo
Victor,Guzman,Moonlight,72,Hechizos,Gato,2022,Bajo
Edmundo,Robledo,Dragonescale,69,Adivinación,Salamandra,2020,Bajo
Esmeralda,Bayona,Sunflare,84,Transformaciones,Gato,2018,Bajo
Chus,Rueda,Moonlight,68,Criaturas Mágicas,Lechuza,2016,Bajo
Jacobo,Anaya,Dragonescale,44,Transformaciones,Lechuza,2020,Alto
Flora,Correa,Moonlight,33,Pociones,Lechuza,2021,Alto
A,Moraleda,Dragonescale,54,Adivinación,Salamandra,2019,Bajo
Alberto,Lamas,Nightshade,42,Adivinación,Gato,2017,Alto
Faustino,Heredia,Moonlight,62,Pociones,Fénix,2018,Bajo
Dulce,Malo,Sunflare,45,Pociones,Gato,2018,Alto
Juanito,Blanch,Moonlight,71,Criaturas Mágicas,Lechuza,2020,Bajo
Ruy,Castro,Thunderclaw,95,Adivinación,Dragón,2016,Bajo
Fulgencio,Benavides,Thunderclaw,84,Adivinación,Gato,2015,Bajo
Selena,Cañizares,Dragonescale,71,Criaturas Mágicas,Gato,2017,Bajo
Judith,Bellido,Nightshade,63,Hechizos,Fénix,2018,Bajo
Lázaro,Palmer,Sunflare,59,Criaturas Mágicas,Lechuza,2016,Bajo
Prudencia,Vera,Nightshade,42,Transformaciones,Gato,2019,Alto
Anna,Duque,Sunflare,42,Adivinación,Gato,2018,Alto
Martin,Escribano,Thunderclaw,47,Pociones,Gato,2016,Alto
Sol,Company,Nightshade,61,Transformaciones,Gato,2022,Bajo
Hilario,Rivera,Dragonescale,68,Adivinación,Gato,2015,Bajo
Leandra,Rubio,Dragonescale,75,Criaturas Mágicas,Lechuza,2015,Bajo
Marisol,Salas,Dragonescale,58,Transformaciones,Gato,2018,Bajo
Ibán,Pacheco,Moonlight,91,Adivinación,Gato,2021,Bajo
Leoncio,Ribera,Moonlight,91,Hechizos,Salamandra,2018,Bajo
Armando,Reig,Moonlight,86,Hechizos,Salamandra,2020,Bajo
José,Antonio,Sunflare,45,Pociones,Lechuza,2017,Alto
Tania,Campo,Moonlight,85,Adivinación,Lechuza,2016,Bajo
Paulina,Córdoba,Moonlight,39,Hechizos,Fénix,2018,Alto
Jorge,Lara,Thunderclaw,59,Criaturas Mágicas,Gato,2017,Bajo
Joaquina,Valbuena,Dragonescale,54,Adivinación,Fénix,2020,Bajo
Nereida,Elorza,Sunflare,34,Criaturas Mágicas,Lechuza,2022,Alto
Borja,Zorrilla,Dragonescale,94,Criaturas Mágicas,Gato,2022,Bajo
Óscar,Iborra,Nightshade,78,Hechizos,Salamandra,2017,Bajo
Dolores,Lobo,Sunflare,32,Adivinación,Fénix,2018,Alto
Baudelio,Ayllón,Dragonescale,74,Transformaciones,Lechuza,2015,Bajo
Ramona,Amo,Dragonescale,43,Hechizos,Gato,2016,Alto
Anselmo,Barberá,Sunflare,59,Hechizos,Gato,2016,Bajo
Ciro,Rosales,Sunflare,97,Adivinación,Dragón,2022,Bajo
Mateo,Morata,Sunflare,47,Adivinación,Gato,2022,Alto
Juan,Manuel,Sunflare,91,Criaturas Mágicas,Gato,2015,Bajo
Noemí,Ramírez,Dragonescale,66,Adivinación,Fénix,2021,Bajo
Maxi,Blazquez,Moonlight,54,Criaturas Mágicas,Lechuza,2018,Bajo
Olalla,Bayón,Dragonescale,77,Hechizos,Lechuza,2022,Bajo
Nidia,Hurtado,Sunflare,94,Pociones,Dragón,2022,Bajo
Cayetano,Ros,Thunderclaw,97,Transformaciones,Lechuza,2022,Bajo
Liliana,Novoa,Moonlight,44,Hechizos,Lechuza,2016,Alto
Pancho,Mayoral,Dragonescale,78,Adivinación,Gato,2018,Bajo
Xavier,Ribas,Moonlight,97,Transformaciones,Lechuza,2020,Bajo
Pía,Barba,Moonlight,41,Pociones,Fénix,2018,Alto
Mireia,Montserrat,Sunflare,88,Pociones,Fénix,2017,Bajo
Kike,Medina,Thunderclaw,66,Criaturas Mágicas,Gato,2015,Bajo
Obdulia,Cepeda,Sunflare,90,Transformaciones,Fénix,2021,Bajo
Gabino,Castelló,Moonlight,72,Criaturas Mágicas,Gato,2022,Bajo
Dominga,Mármol,Dragonescale,99,Hechizos,Gato,2022,Bajo
Aitana,Beltran,Sunflare,68,Transformaciones,Lechuza,2018,Bajo
Custodio,Gálvez,Sunflare,85,Hechizos,Lechuza,2021,Bajo
Pánfilo,Gámez,Thunderclaw,107,Criaturas Mágicas,Gato,2022,Bajo
Maximiano,Menéndez,Sunflare,75,Transformaciones,Salamandra,2021,Bajo
Mirta,Figuerola,Moonlight,40,Criaturas Mágicas,Lechuza,2020,Alto
Lucio,Miguel,Thunderclaw,91,Transformaciones,Salamandra,2019,Bajo
Marisol,Arévalo,Moonlight,54,Criaturas Mágicas,Gato,2015,Bajo
Borja,Somoza,Dragonescale,81,Pociones,Lechuza,2021,Bajo
Fabricio,Criado,Dragonescale,33,Criaturas Mágicas,Fénix,2016,Alto
Domitila,Barbero,Dragonescale,88,Pociones,Lechuza,2017,Bajo
Trinidad,Echeverría,Thunderclaw,49,Criaturas Mágicas,Lechuza,2016,Alto
Priscila,Lluch,Moonlight,92,Transformaciones,Gato,2022,Bajo
Nicolasa,Chacón,Thunderclaw,98,Transformaciones,Lechuza,2020,Bajo
José,Gual,Nightshade,86,Transformaciones,Gato,2020,Bajo
Eloísa,Gonzalez,Moonlight,70,Adivinación,Lechuza,2016,Bajo
Martirio,Casas,Moonlight,32,Hechizos,Lechuza,2015,Alto
Isabel,Lasa,Sunflare,35,Transformaciones,Fénix,2016,Alto
Paulino,Ramos,Moonlight,34,Pociones,Gato,2018,Alto
Reinaldo,Rosa,Dragonescale,34,Transformaciones,Lechuza,2022,Alto
Donato,Sanz,Moonlight,83,Adivinación,Lechuza,2022,Bajo
Alba,Sanabria,Dragonescale,76,Pociones,Fénix,2016,Bajo
Dimas,Aguilera,Nightshade,78,Adivinación,Lechuza,2017,Bajo
Tristán,Alfonso,Sunflare,38,Pociones,Lechuza,2017,Alto
Rosalva,Millán,Thunderclaw,64,Criaturas Mágicas,Dragón,2022,Bajo
Martirio,Aznar,Sunflare,90,Hechizos,Dragón,2019,Bajo
María,Teresa,Sunflare,64,Hechizos,Salamandra,2017,Bajo
Mar,Taboada,Dragonescale,79,Adivinación,Gato,2016,Bajo
Bruno,Bayo,Sunflare,91,Hechizos,Lechuza,2017,Bajo
Gisela,Pellicer,Thunderclaw,61,Adivinación,Gato,2022,Bajo
Felix,Sala,Sunflare,32,Adivinación,Lechuza,2015,Alto
Melchor,Cabeza,Sunflare,61,Adivinación,Fénix,2021,Bajo
Marciano,Alcalá,Moonlight,42,Hechizos,Fénix,2017,Alto
Elvira,Ortuño,Dragonescale,97,Adivinación,Lechuza,2018,Bajo
Marcia,Nicolás,Moonlight,43,Hechizos,Salamandra,2015,Alto
Jesús,Maldonado,Moonlight,40,Adivinación,Gato,2019,Alto
Rafael,López,Sunflare,85,Transformaciones,Lechuza,2018,Bajo
Casemiro,Macias,Sunflare,96,Adivinación,Lechuza,2016,Bajo
Jordán,Mascaró,Dragonescale,58,Pociones,Lechuza,2021,Bajo
Estefanía,Mosquera,Thunderclaw,38,Adivinación,Gato,2016,Alto
Leonardo,Sabater,Moonlight,96,Criaturas Mágicas,Fénix,2021,Bajo
Estela,Cortes,Moonlight,54,Adivinación,Gato,2021,Bajo
Maura,Maldonado,Dragonescale,71,Pociones,Salamandra,2016,Bajo
Plinio,Núñez,Moonlight,38,Pociones,Gato,2018,Alto
Bibiana,Hierro,Nightshade,69,Hechizos,Salamandra,2018,Bajo
Gracia,Naranjo,Moonlight,54,Transformaciones,Gato,2021,Bajo
Rosaura,Cámara,Thunderclaw,34,Adivinación,Lechuza,2018,Alto
Wilfredo,Vega,Sunflare,40,Hechizos,Gato,2021,Alto
Obdulia,Mateu,Moonlight,88,Transformaciones,Salamandra,2022,Bajo
Danilo,Bas,Nightshade,67,Adivinación,Dragón,2021,Bajo
Martín,Peñas,Nightshade,34,Criaturas Mágicas,Salamandra,2022,Alto
Epifanio,Gonzalez,Moonlight,77,Adivinación,Lechuza,2015,Bajo
Loreto,Iniesta,Moonlight,47,Pociones,Gato,2020,Alto
Mamen,Tomé,Moonlight,99,Pociones,Salamandra,2015,Bajo
Débora,Bartolomé,Moonlight,66,Criaturas Mágicas,Lechuza,2016,Bajo
Gaspar,Lara,Dragonescale,89,Hechizos,Lechuza,2020,Bajo
Jesusa,Hervia,Thunderclaw,77,Transformaciones,Lechuza,2017,Bajo
Jenny,Ibáñez,Thunderclaw,57,Adivinación,Salamandra,2016,Bajo
Bernardo,Neira,Dragonescale,98,Pociones,Dragón,2019,Bajo
Fernando,Sevilla,Moonlight,69,Hechizos,Fénix,2015,Bajo
Maite,Márquez,Nightshade,74,Criaturas Mágicas,Lechuza,2018,Bajo
Nacho,Ribes,Moonlight,91,Pociones,Fénix,2015,Bajo
Vidal,Adadia,Dragonescale,87,Criaturas Mágicas,Fénix,2018,Bajo
L,Huertas,Moonlight,96,Adivinación,Lechuza,2020,Bajo
Asunción,Feijoo,Nightshade,85,Transformaciones,Gato,2019,Bajo
José,Antonio,Moonlight,69,Pociones,Lechuza,2020,Bajo
Nicolasa,Seguí,Sunflare,69,Pociones,Gato,2019,Bajo
Cipriano,Marquez,Sunflare,62,Adivinación,Dragón,2015,Bajo
Artemio,Goñi,Moonlight,35,Hechizos,Dragón,2018,Alto
Perlita,Peiró,Sunflare,48,Transformaciones,Dragón,2020,Alto
Glauco,Boada,Moonlight,69,Pociones,Lechuza,2019,Bajo
Rosalva,Arnal,Thunderclaw,103,Transformaciones,Lechuza,2021,Bajo
Yéssica,Luna,Thunderclaw,88,Pociones,Gato,2016,Bajo
Efraín,Blazquez,Thunderclaw,77,Transformaciones,Fénix,2016,Bajo
María,Pilar,Dragonescale,70,Criaturas Mágicas,Lechuza,2020,Bajo
Rosario,Balaguer,Sunflare,42,Pociones,Gato,2018,Alto
Diana,Cortes,Moonlight,74,Transformaciones,Lechuza,2021,Bajo
Leonardo,Aguiló,Dragonescale,82,Hechizos,Salamandra,2020,Bajo
Carmela,Dalmau,Dragonescale,71,Criaturas Mágicas,Fénix,2015,Bajo
Simón,Yáñez,Thunderclaw,92,Criaturas Mágicas,Salamandra,2019,Bajo
Amancio,Bravo,Sunflare,56,Hechizos,Fénix,2022,Bajo
Severo,Tolosa,Dragonescale,67,Transformaciones,Dragón,2015,Bajo
Reyna,Garrido,Thunderclaw,89,Adivinación,Salamandra,2016,Bajo
Joaquín,Haro,Moonlight,36,Hechizos,Gato,2019,Alto
Ciríaco,Pomares,Thunderclaw,49,Transformaciones,Lechuza,2020,Alto
Emilio,Calatayud,Dragonescale,74,Hechizos,Fénix,2015,Bajo
Segismundo,Solera,Sunflare,87,Hechizos,Lechuza,2017,Bajo
Fabiola,Simó,Moonlight,60,Pociones,Gato,2022,Bajo
Emperatriz,Vargas,Nightshade,52,Transformaciones,Lechuza,2018,Bajo
Silvia,Llorente,Dragonescale,71,Adivinación,Lechuza,2021,Bajo
Urbano,Villar,Moonlight,39,Pociones,Gato,2021,Alto
Carlito,Soria,Dragonescale,61,Hechizos,Gato,2018,Bajo
Fausto,Ríos,Nightshade,82,Hechizos,Lechuza,2017,Bajo
Ciriaco,Garay,Sunflare,59,Hechizos,Lechuza,2016,Bajo
Amor,Salcedo,Moonlight,68,Transformaciones,Salamandra,2019,Bajo
Fermín,Pellicer,Sunflare,60,Transformaciones,Lechuza,2018,Bajo
Clemente,Peralta,Sunflare,31,Pociones,Lechuza,2017,Alto
Aníbal,Huguet,Thunderclaw,56,Adivinación,Fénix,2020,Bajo
Juana,Quevedo,Thunderclaw,83,Pociones,Salamandra,2022,Bajo
Jorge,Cases,Moonlight,95,Criaturas Mágicas,Lechuza,2021,Bajo
Adriana,Amaya,Dragonescale,42,Hechizos,Gato,2022,Alto
Máxima,Coll,Sunflare,75,Hechizos,Salamandra,2017,Bajo
Pacífica,Pera,Nightshade,56,Hechizos,Salamandra,2022,Bajo
Úrsula,Mesa,Thunderclaw,46,Pociones,Gato,2016,Alto
Hernando,Miralles,Moonlight,89,Pociones,Lechuza,2016,Bajo
Clarisa,Avilés,Moonlight,93,Hechizos,Lechuza,2015,Bajo
Gala,Toledo,Sunflare,64,Pociones,Lechuza,2018,Bajo
Herminia,Zurita,Sunflare,99,Transformaciones,Gato,2015,Bajo
Jacinta,Sánchez,Sunflare,59,Transformaciones,Dragón,2022,Bajo
Porfirio,Gimenez,Sunflare,92,Pociones,Gato,2021,Bajo
Clarisa,Escolano,Thunderclaw,57,Hechizos,Lechuza,2017,Bajo
Maura,Grau,Dragonescale,89,Pociones,Lechuza,2019,Bajo
Jessica,Tamayo,Dragonescale,66,Pociones,Salamandra,2022,Bajo
Onofre,Martínez,Sunflare,51,Pociones,Lechuza,2019,Bajo
Yago,Matas,Thunderclaw,97,Criaturas Mágicas,Dragón,2016,Bajo
Galo,Uribe,Dragonescale,49,Transformaciones,Salamandra,2019,Alto
Vera,Ariza,Dragonescale,97,Adivinación,Dragón,2019,Bajo
Luis,Miguel,Sunflare,93,Adivinación,Gato,2021,Bajo
Teodosio,Campoy,Dragonescale,46,Criaturas Mágicas,Gato,2019,Alto
Pastor,Vera,Dragonescale,41,Pociones,Lechuza,2022,Alto
Serafina,Hidalgo,Thunderclaw,51,Criaturas Mágicas,Salamandra,2017,Bajo
Poncio,Escobar,Sunflare,46,Criaturas Mágicas,Gato,2019,Alto
Ainara,Núñez,Sunflare,39,Hechizos,Lechuza,2020,Alto
José,Manuel,Moonlight,94,Transformaciones,Dragón,2019,Bajo
Ámbar,Lamas,Sunflare,51,Adivinación,Lechuza,2019,Bajo
Sandra,Sacristán,Moonlight,79,Pociones,Fénix,2015,Bajo
Lola,Mas,Moonlight,43,Adivinación,Lechuza,2017,Alto
Juana,Marquez,Sunflare,93,Adivinación,Gato,2022,Bajo
Ambrosio,Escribano,Thunderclaw,76,Transformaciones,Gato,2016,Bajo
Ceferino,Perera,Sunflare,58,Adivinación,Gato,2015,Bajo
Georgina,Ferrando,Sunflare,65,Adivinación,Dragón,2022,Bajo
Azeneth,Cuenca,Thunderclaw,81,Criaturas Mágicas,Lechuza,2018,Bajo
Abel,Osorio,Dragonescale,36,Transformaciones,Gato,2017,Alto
Prudencia,Carballo,Moonlight,58,Hechizos,Lechuza,2020,Bajo
Roxana,Cabrero,Moonlight,40,Pociones,Lechuza,2017,Alto
Paulina,Bolaños,Moonlight,62,Adivinación,Dragón,2018,Bajo
Albina,Aguado,Nightshade,35,Pociones,Lechuza,2018,Alto
Coral,Perez,Moonlight,61,Hechizos,Salamandra,2018,Bajo
Clotilde,Pinilla,Sunflare,80,Pociones,Dragón,2021,Bajo
Melania,Diéguez,Thunderclaw,87,Hechizos,Lechuza,2016,Bajo
Jennifer,Soriano,Sunflare,55,Criaturas Mágicas,Lechuza,2019,Bajo
Martín,Pou,Thunderclaw,75,Adivinación,Gato,2017,Bajo
Dora,Amores,Thunderclaw,73,Hechizos,Gato,2022,Bajo
Pastor,Calleja,Moonlight,33,Pociones,Lechuza,2021,Alto
Reynaldo,Lerma,Dragonescale,42,Adivinación,Gato,2022,Alto
José,Azcona,Sunflare,68,Criaturas Mágicas,Gato,2019,Bajo
Leandro,Casanova,Moonlight,44,Adivinación,Salamandra,2019,Alto
Julia,Santiago,Dragonescale,58,Hechizos,Salamandra,2020,Bajo
Candelario,Berrocal,Thunderclaw,58,Criaturas Mágicas,Lechuza,2018,Bajo
Octavia,Castillo,Dragonescale,61,Pociones,Lechuza,2016,Bajo
Fabiola,Téllez,Nightshade,31,Criaturas Mágicas,Lechuza,2020,Alto
Eusebia,Caballero,Nightshade,76,Criaturas Mágicas,Lechuza,2015,Bajo
María,Dolores,Nightshade,51,Transformaciones,Fénix,2021,Bajo
Juan,Manuel,Moonlight,56,Criaturas Mágicas,Lechuza,2021,Bajo
Calisto,Guillen,Dragonescale,96,Criaturas Mágicas,Lechuza,2016,Bajo
Soraya,Arnaiz,Nightshade,85,Adivinación,Gato,2019,Bajo
Abril,Ayllón,Moonlight,50,Pociones,Gato,2022,Bajo
Yéssica,Carrión,Nightshade,76,Adivinación,Lechuza,2021,Bajo
Angélica,Contreras,Nightshade,88,Adivinación,Lechuza,2016,Bajo
Alejandro,Pareja,Sunflare,35,Hechizos,Lechuza,2021,Alto
Elena,Morante,Moonlight,48,Adivinación,Gato,2021,Alto
Débora,Rovira,Moonlight,86,Transformaciones,Dragón,2018,Bajo
Adoración,Villena,Sunflare,98,Transformaciones,Lechuza,2015,Bajo
Emilia,Cabezas,Moonlight,32,Hechizos,Gato,2018,Alto
María,Fernanda,Dragonescale,30,Pociones,Lechuza,2015,Alto
Ciriaco,Girona,Thunderclaw,102,Pociones,Gato,2021,Bajo
Ángela,Guzmán,Nightshade,67,Adivinación,Lechuza,2020,Bajo
Alfredo,Priego,Sunflare,44,Adivinación,Lechuza,2022,Alto
Lino,Aparicio,Thunderclaw,63,Adivinación,Fénix,2019,Bajo
Baudelio,Verdejo,Dragonescale,90,Pociones,Gato,2021,Bajo
David,Plaza,Thunderclaw,64,Criaturas Mágicas,Lechuza,2015,Bajo
Visitación,Saura,Nightshade,93,Transformaciones,Gato,2015,Bajo
Adela,Sala,Dragonescale,54,Criaturas Mágicas,Gato,2015,Bajo
Natividad,Llobet,Thunderclaw,68,Criaturas Mágicas,Gato,2021,Bajo
Bruno,Velasco,Sunflare,41,Pociones,Lechuza,2016,Alto
Yolanda,Giralt,Sunflare,47,Criaturas Mágicas,Fénix,2020,Alto
Daniela,Piquer,Sunflare,44,Hechizos,Lechuza,2016,Alto
E,Neira,Sunflare,56,Adivinación,Lechuza,2019,Bajo
Carmelo,Vicens,Moonlight,89,Hechizos,Lechuza,2021,Bajo
Teodora,Berrocal,Moonlight,75,Transformaciones,Dragón,2015,Bajo
Miriam,Vera,Sunflare,46,Adivinación,Salamandra,2020,Alto
Florentina,Bernat,Sunflare,82,Criaturas Mágicas,Lechuza,2020,Bajo
Primitiva,Almagro,Sunflare,37,Transformaciones,Lechuza,2017,Alto
Pascuala,Cisneros,Nightshade,56,Adivinación,Salamandra,2019,Bajo
Arsenio,Acevedo,Thunderclaw,90,Criaturas Mágicas,Lechuza,2022,Bajo
Lara,Gargallo,Thunderclaw,94,Hechizos,Dragón,2022,Bajo
Calixto,Barreda,Sunflare,32,Adivinación,Dragón,2020,Alto
Nicolasa,Sobrino,Thunderclaw,108,Criaturas Mágicas,Lechuza,2021,Bajo
Encarnación,Raya,Sunflare,73,Hechizos,Lechuza,2015,Bajo
Luna,Segovia,Sunflare,82,Transformaciones,Gato,2015,Bajo
Reyna,Rius,Sunflare,53,Transformaciones,Lechuza,2020,Bajo
Rosa,María,Moonlight,89,Transformaciones,Lechuza,2016,Bajo
Saturnino,Muro,Moonlight,32,Transformaciones,Gato,2019,Alto
Ibán,Cortes,Dragonescale,49,Pociones,Gato,2015,Alto
Ruy,Menéndez,Thunderclaw,90,Adivinación,Lechuza,2020,Bajo
Rosenda,Mármol,Dragonescale,44,Adivinación,Gato,2015,Alto
Flora,Nogueira,Moonlight,54,Pociones,Lechuza,2022,Bajo
Ismael,Quiroga,Thunderclaw,61,Criaturas Mágicas,Lechuza,2020,Bajo
Bautista,Barrera,Moonlight,38,Criaturas Mágicas,Gato,2019,Alto
Damián,Amigó,Thunderclaw,82,Transformaciones,Lechuza,2020,Bajo
Ileana,Bilbao,Dragonescale,77,Hechizos,Fénix,2017,Bajo
Elodia,Galvez,Dragonescale,89,Criaturas Mágicas,Dragón,2020,Bajo
Julie,Baños,Sunflare,92,Hechizos,Gato,2020,Bajo
Ángel,Bermejo,Moonlight,31,Adivinación,Lechuza,2021,Alto
Danilo,Ochoa,Dragonescale,40,Hechizos,Gato,2022,Alto
María,Belén,Thunderclaw,93,Adivinación,Gato,2019,Bajo
Tristán,Vidal,Sunflare,50,Pociones,Salamandra,2021,Bajo
Pepe,Bauzà,Moonlight,47,Pociones,Dragón,2020,Alto
Yago,Cañellas,Thunderclaw,93,Transformaciones,Gato,2019,Bajo
León,Sanmartín,Dragonescale,67,Criaturas Mágicas,Gato,2017,Bajo
Dani,Benet,Dragonescale,61,Transformaciones,Gato,2019,Bajo
Wilfredo,Nogueira,Thunderclaw,40,Adivinación,Gato,2015,Alto
Balduino,Prieto,Thunderclaw,89,Transformaciones,Gato,2021,Bajo
Pepita,Macías,Thunderclaw,62,Hechizos,Lechuza,2019,Bajo
Mar,Sabater,Sunflare,70,Adivinación,Lechuza,2022,Bajo
Porfirio,Segura,Nightshade,37,Pociones,Lechuza,2017,Alto
Paulino,Roda,Thunderclaw,40,Criaturas Mágicas,Lechuza,2018,Alto
Lina,Plana,Moonlight,80,Adivinación,Fénix,2020,Bajo
Eligio,Paz,Sunflare,70,Adivinación,Gato,2019,Bajo
Flora,Barroso,Moonlight,46,Hechizos,Fénix,2020,Alto
David,Cabanillas,Moonlight,75,Criaturas Mágicas,Lechuza,2016,Bajo
Lola,Ramos,Dragonescale,61,Pociones,Salamandra,2015,Bajo
Edmundo,Vallés,Dragonescale,83,Adivinación,Salamandra,2021,Bajo
Gracia,Casanovas,Nightshade,49,Adivinación,Gato,2015,Alto
Marco,Madrid,Sunflare,62,Hechizos,Gato,2016,Bajo
Rosalina,Murillo,Sunflare,69,Transformaciones,Lechuza,2016,Bajo
Irma,Carbó,Moonlight,61,Pociones,Salamandra,2021,Bajo
Arturo,Morata,Dragonescale,31,Criaturas Mágicas,Gato,2019,Alto
Haydée,Torralba,Dragonescale,62,Adivinación,Dragón,2016,Bajo
Pánfilo,Ariño,Moonlight,59,Adivinación,Lechuza,2018,Bajo
Olga,Flores,Thunderclaw,77,Pociones,Fénix,2020,Bajo
Socorro,Revilla,Sunflare,55,Transformaciones,Salamandra,2020,Bajo
Eligia,Escribano,Sunflare,51,Adivinación,Fénix,2017,Bajo
Anastasia,Clemente,Moonlight,95,Pociones,Gato,2022,Bajo
Fabián,Falcó,Nightshade,67,Hechizos,Lechuza,2016,Bajo
Áurea,Maestre,Sunflare,75,Transformaciones,Lechuza,2016,Bajo
Jose,Angel,Thunderclaw,44,Criaturas Mágicas,Lechuza,2018,Alto
Edelmira,Peñas,Thunderclaw,73,Adivinación,Dragón,2015,Bajo
Faustino,Acedo,Moonlight,78,Pociones,Lechuza,2015,Bajo
Enrique,Roca,Moonlight,90,Hechizos,Lechuza,2020,Bajo
Abel,Vizcaíno,Moonlight,96,Criaturas Mágicas,Lechuza,2020,Bajo
Maxi,Iniesta,Sunflare,35,Pociones,Fénix,2019,Alto
Encarnacion,Vendrell,Dragonescale,38,Pociones,Lechuza,2021,Alto
Heliodoro,Planas,Dragonescale,35,Criaturas Mágicas,Salamandra,2022,Alto
Olga,Sanmartín,Dragonescale,61,Hechizos,Gato,2018,Bajo
Lorena,Río,Dragonescale,70,Hechizos,Lechuza,2021,Bajo
Candelario,Menéndez,Sunflare,37,Transformaciones,Lechuza,2021,Alto
Lucía,Rodriguez,Sunflare,79,Adivinación,Dragón,2017,Bajo
Sebastián,Cortes,Moonlight,91,Criaturas Mágicas,Lechuza,2021,Bajo
Urbano,Bernat,Dragonescale,91,Criaturas Mágicas,Gato,2017,Bajo
Débora,Solé,Moonlight,36,Criaturas Mágicas,Dragón,2021,Alto
Rosalina,Puerta,Moonlight,33,Hechizos,Lechuza,2018,Alto
Montserrat,Nadal,Dragonescale,35,Adivinación,Lechuza,2017,Alto
Martina,Cuervo,Moonlight,87,Transformaciones,Fénix,2015,Bajo
Mayte,Céspedes,Moonlight,51,Pociones,Gato,2017,Bajo
Flora,Company,Thunderclaw,55,Pociones,Gato,2017,Bajo
Jose,Angel,Thunderclaw,32,Criaturas Mágicas,Lechuza,2018,Alto
León,Baños,Dragonescale,70,Adivinación,Gato,2018,Bajo
Pablo,Real,Moonlight,89,Hechizos,Gato,2017,Bajo
Selena,Meléndez,Thunderclaw,58,Adivinación,Gato,2022,Bajo
Pastor,Martín,Thunderclaw,41,Adivinación,Fénix,2016,Alto
Iris,Badía,Sunflare,41,Hechizos,Lechuza,2022,Alto
Noé,Lobo,Sunflare,42,Criaturas Mágicas,Fénix,2018,Alto
Anselmo,Navarro,Dragonescale,54,Adivinación,Fénix,2022,Bajo
Cayetana,Agustín,Dragonescale,74,Pociones,Dragón,2022,Bajo
Cayetana,Barreda,Thunderclaw,48,Hechizos,Lechuza,2019,Alto
Noemí,Aroca,Dragonescale,84,Transformaciones,Fénix,2019,Bajo
Ani,Álamo,Thunderclaw,74,Criaturas Mágicas,Lechuza,2015,Bajo
Raúl,Izaguirre,Nightshade,37,Hechizos,Gato,2021,Alto
Onofre,Hernando,Thunderclaw,82,Transformaciones,Fénix,2017,Bajo
Griselda,Calderon,Moonlight,84,Transformaciones,Gato,2016,Bajo
Casemiro,Marqués,Thunderclaw,61,Adivinación,Lechuza,2015,Bajo
Nazario,Bertrán,Moonlight,80,Adivinación,Gato,2017,Bajo
Ciro,Gomila,Thunderclaw,88,Adivinación,Lechuza,2022,Bajo
Fausto,Pelayo,Nightshade,99,Hechizos,Gato,2018,Bajo
Xiomara,Miranda,Moonlight,47,Hechizos,Dragón,2019,Alto
Teófila,Cuenca,Nightshade,51,Criaturas Mágicas,Gato,2020,Bajo
Manuelita,Cortés,Nightshade,66,Adivinación,Gato,2016,Bajo
Amalia,Salamanca,Dragonescale,85,Transformaciones,Gato,2022,Bajo
Esteban,Hidalgo,Dragonescale,88,Pociones,Gato,2020,Bajo
Ana,Bou,Dragonescale,32,Criaturas Mágicas,Gato,2019,Alto
Iker,Catalán,Dragonescale,57,Hechizos,Gato,2022,Bajo
Bernarda,Viana,Dragonescale,64,Criaturas Mágicas,Lechuza,2021,Bajo
Emelina,Lastra,Sunflare,90,Criaturas Mágicas,Gato,2021,Bajo
Paula,Pardo,Dragonescale,83,Criaturas Mágicas,Lechuza,2020,Bajo
Amando,Ribera,Moonlight,92,Criaturas Mágicas,Fénix,2018,Bajo
Amalia,Teruel,Sunflare,36,Pociones,Dragón,2022,Alto
Cayetano,Piñeiro,Dragonescale,78,Adivinación,Lechuza,2017,Bajo
Lalo,Vall,Sunflare,60,Transformaciones,Gato,2022,Bajo
Rosa,Cuevas,Moonlight,87,Criaturas Mágicas,Lechuza,2018,Bajo
Lourdes,Dalmau,Dragonescale,90,Criaturas Mágicas,Dragón,2022,Bajo
María,Campoy,Sunflare,53,Criaturas Mágicas,Gato,2020,Bajo
Elba,Ariño,Thunderclaw,49,Adivinación,Gato,2018,Alto
Odalys,Arco,Sunflare,66,Hechizos,Gato,2019,Bajo
Victorino,Alemany,Sunflare,33,Hechizos,Lechuza,2016,Alto
Ruth,Cabrera,Sunflare,49,Pociones,Gato,2018,Alto
Matías,Jara,Moonlight,89,Hechizos,Lechuza,2022,Bajo
Maximiano,Carreras,Dragonescale,53,Criaturas Mágicas,Gato,2019,Bajo
Nacho,Quevedo,Sunflare,79,Criaturas Mágicas,Gato,2016,Bajo
Noé,Vera,Sunflare,78,Criaturas Mágicas,Gato,2021,Bajo
Ruth,Fabregat,Nightshade,80,Pociones,Lechuza,2017,Bajo
Vicente,Delgado,Moonlight,65,Criaturas Mágicas,Dragón,2020,Bajo
Marcial,Sedano,Moonlight,95,Hechizos,Lechuza,2022,Bajo
Amarilis,Gimenez,Sunflare,63,Adivinación,Lechuza,2022,Bajo
Pacífica,Trillo,Moonlight,65,Adivinación,Lechuza,2021,Bajo
Gregorio,Gascón,Nightshade,35,Transformaciones,Gato,2017,Alto
Cebrián,Guerrero,Sunflare,68,Hechizos,Lechuza,2021,Bajo
Ofelia,Sáenz,Moonlight,71,Criaturas Mágicas,Fénix,2015,Bajo
G,Meléndez,Sunflare,87,Adivinación,Dragón,2021,Bajo
Eligio,Oller,Sunflare,41,Hechizos,Gato,2019,Alto
Josefa,Chamorro,Dragonescale,32,Adivinación,Gato,2016,Alto
Úrsula,Belmonte,Nightshade,47,Criaturas Mágicas,Lechuza,2022,Alto
Antonia,Lara,Thunderclaw,84,Adivinación,Dragón,2021,Bajo
Ciro,Gil,Sunflare,50,Transformaciones,Gato,2022,Bajo
Chelo,Flor,Moonlight,44,Transformaciones,Lechuza,2018,Alto
Narciso,Requena,Sunflare,55,Adivinación,Fénix,2017,Bajo
Odalys,Díez,Moonlight,37,Hechizos,Gato,2021,Alto
Isaac,Salcedo,Dragonescale,71,Hechizos,Fénix,2016,Bajo
Trinidad,Cruz,Nightshade,73,Hechizos,Lechuza,2019,Bajo
Germán,Torrent,Dragonescale,43,Adivinación,Gato,2015,Alto
María,Teresa,Moonlight,31,Hechizos,Gato,2022,Alto
Nazario,Castrillo,Nightshade,66,Criaturas Mágicas,Gato,2017,Bajo
Inés,Cruz,Nightshade,98,Transformaciones,Lechuza,2020,Bajo
Leyre,Mesa,Thunderclaw,67,Criaturas Mágicas,Gato,2016,Bajo
Mercedes,Arjona,Thunderclaw,85,Hechizos,Lechuza,2020,Bajo
Rosario,Baños,Moonlight,91,Criaturas Mágicas,Gato,2016,Bajo
Noa,Moles,Moonlight,89,Hechizos,Lechuza,2016,Bajo
Conrado,Carbó,Moonlight,43,Adivinación,Salamandra,2019,Alto
Leandra,Castañeda,Sunflare,31,Criaturas Mágicas,Dragón,2019,Alto
María,Dolores,Sunflare,99,Adivinación,Salamandra,2019,Bajo
Salomón,Muñoz,Sunflare,46,Adivinación,Salamandra,2021,Alto
Luis,Miguel,Sunflare,57,Pociones,Salamandra,2018,Bajo
Juan,Bautista,Dragonescale,95,Hechizos,Gato,2016,Bajo
Feliciana,Rodrigo,Moonlight,64,Transformaciones,Lechuza,2017,Bajo
Jenny,Pellicer,Dragonescale,34,Hechizos,Fénix,2020,Alto
Soraya,Ferreras,Thunderclaw,94,Transformaciones,Lechuza,2019,Bajo
Roque,Navarrete,Moonlight,69,Hechizos,Gato,2021,Bajo
Cornelio,Zorrilla,Sunflare,85,Adivinación,Gato,2019,Bajo
Andrea,Manzanares,Moonlight,65,Criaturas Mágicas,Gato,2020,Bajo
Nazaret,Díaz,Dragonescale,74,Criaturas Mágicas,Lechuza,2020,Bajo
Lupita,Catalá,Dragonescale,52,Pociones,Gato,2022,Bajo
Toño,Cabello,Sunflare,76,Transformaciones,Salamandra,2016,Bajo
Trini,Sola,Thunderclaw,60,Transformaciones,Dragón,2019,Bajo
Sabas,Moya,Dragonescale,40,Transformaciones,Fénix,2020,Alto
Leonel,Zamorano,Dragonescale,39,Adivinación,Dragón,2018,Alto
Leocadio,Arroyo,Sunflare,96,Transformaciones,Lechuza,2018,Bajo
Socorro,Bayona,Dragonescale,43,Criaturas Mágicas,Dragón,2019,Alto
Irene,Cerro,Sunflare,39,Adivinación,Dragón,2021,Alto
Elodia,Ros,Sunflare,30,Hechizos,Fénix,2020,Alto
Anunciación,Zurita,Dragonescale,34,Transformaciones,Lechuza,2022,Alto
Wilfredo,Acero,Dragonescale,49,Transformaciones,Lechuza,2016,Alto
Ana,Belén,Nightshade,37,Hechizos,Lechuza,2016,Alto
Candelario,Garcés,Moonlight,72,Transformaciones,Gato,2021,Bajo
Concha,Piñol,Moonlight,30,Hechizos,Gato,2022,Alto
Dionisia,Morante,Sunflare,86,Adivinación,Lechuza,2016,Bajo
Ruperto,Ballesteros,Nightshade,93,Criaturas Mágicas,Lechuza,2022,Bajo
Carmelo,Bosch,Nightshade,57,Hechizos,Salamandra,2015,Bajo
Venceslás,Cabañas,Sunflare,66,Pociones,Lechuza,2019,Bajo
Agustina,Hervás,Moonlight,76,Hechizos,Lechuza,2016,Bajo
Inés,Dávila,Dragonescale,66,Transformaciones,Lechuza,2018,Bajo
Roldán,Rebollo,Sunflare,78,Adivinación,Gato,2020,Bajo
Apolonia,Paredes,Thunderclaw,88,Adivinación,Lechuza,2022,Bajo
Gisela,Rodrigo,Moonlight,85,Hechizos,Gato,2022,Bajo
Rosario,Soriano,Nightshade,57,Criaturas Mágicas,Lechuza,2017,Bajo
Eduardo,Talavera,Dragonescale,35,Pociones,Fénix,2021,Alto
Wálter,Borja,Moonlight,90,Adivinación,Lechuza,2017,Bajo
Encarnación,Mascaró,Dragonescale,49,Transformaciones,Gato,2016,Alto
Remedios,Carrillo,Moonlight,31,Transformaciones,Lechuza,2017,Alto
Dionisio,Fernández,Dragonescale,66,Criaturas Mágicas,Lechuza,2017,Bajo
Marcela,Suárez,Dragonescale,49,Adivinación,Gato,2015,Alto
Darío,Lopez,Dragonescale,55,Hechizos,Lechuza,2022,Bajo
Tania,Hoz,Thunderclaw,58,Transformaciones,Salamandra,2018,Bajo
Casandra,Calderon,Sunflare,30,Criaturas Mágicas,Fénix,2021,Alto
Brunilda,Casanovas,Thunderclaw,64,Adivinación,Salamandra,2018,Bajo
Carmela,Castro,Nightshade,99,Adivinación,Dragón,2015,Bajo
Roberto,Arias,Moonlight,88,Adivinación,Gato,2015,Bajo
Íñigo,Carpio,Moonlight,98,Adivinación,Lechuza,2017,Bajo
Santiago,Abad,Sunflare,62,Adivinación,Salamandra,2019,Bajo
Nerea,Pedro,Moonlight,80,Transformaciones,Gato,2022,Bajo
Lupe,Antúnez,Nightshade,41,Criaturas Mágicas,Salamandra,2020,Alto
Valentina,Maestre,Dragonescale,49,Adivinación,Lechuza,2022,Alto
Ignacio,Quero,Nightshade,82,Pociones,Gato,2020,Bajo
Sabina,Martín,Dragonescale,72,Pociones,Lechuza,2017,Bajo
Candelas,Palmer,Sunflare,79,Criaturas Mágicas,Gato,2020,Bajo
Florinda,Salamanca,Thunderclaw,58,Hechizos,Lechuza,2015,Bajo
Carlota,Álamo,Nightshade,86,Hechizos,Gato,2018,Bajo
Emigdio,Arenas,Dragonescale,68,Hechizos,Gato,2020,Bajo
Tito,Castell,Thunderclaw,100,Pociones,Gato,2022,Bajo
Prudencio,Rosado,Nightshade,72,Hechizos,Lechuza,2021,Bajo
Marcos,Barrena,Thunderclaw,79,Transformaciones,Gato,2017,Bajo
Coral,Román,Thunderclaw,52,Adivinación,Lechuza,2019,Bajo
Vicenta,Bernad,Sunflare,73,Pociones,Lechuza,2017,Bajo
Marcela,Jódar,Moonlight,67,Criaturas Mágicas,Dragón,2016,Bajo
Rebeca,Querol,Thunderclaw,52,Criaturas Mágicas,Lechuza,2017,Bajo
Jonatan,Calderon,Thunderclaw,74,Adivinación,Lechuza,2015,Bajo
Soledad,Olmedo,Nightshade,81,Pociones,Gato,2018,Bajo
Luisa,Nicolau,Dragonescale,79,Hechizos,Dragón,2018,Bajo
Guillermo,Olmedo,Moonlight,37,Hechizos,Lechuza,2021,Alto
Eligia,Amor,Nightshade,30,Transformaciones,Fénix,2020,Alto
Marisela,Ayala,Sunflare,37,Transformaciones,Lechuza,2015,Alto
Josefina,Marqués,Moonlight,58,Hechizos,Gato,2016,Bajo
Mónica,Roca,Thunderclaw,34,Criaturas Mágicas,Gato,2015,Alto
Lupe,Román,Moonlight,76,Criaturas Mágicas,Fénix,2017,Bajo
Estefanía,Bilbao,Dragonescale,63,Transformaciones,Gato,2015,Bajo
Marco,Ugarte,Moonlight,94,Adivinación,Gato,2015,Bajo
Adrián,Fuente,Moonlight,84,Hechizos,Salamandra,2021,Bajo
Vicenta,Vilanova,Thunderclaw,72,Transformaciones,Lechuza,2016,Bajo
Adrián,Belda,Dragonescale,59,Transformaciones,Salamandra,2017,Bajo
Mariano,Peinado,Nightshade,46,Hechizos,Dragón,2019,Alto
África,Verdejo,Nightshade,55,Hechizos,Fénix,2021,Bajo
Raimundo,Rius,Sunflare,37,Criaturas Mágicas,Gato,2019,Alto
Aureliano,Múgica,Thunderclaw,91,Adivinación,Gato,2021,Bajo
Zacarías,Molina,Moonlight,75,Adivinación,Lechuza,2018,Bajo
Rodrigo,Sevillano,Sunflare,97,Hechizos,Gato,2022,Bajo
Caridad,Araujo,Sunflare,62,Pociones,Dragón,2021,Bajo
Gregorio,Rivero,Dragonescale,30,Transformaciones,Salamandra,2020,Alto
Rafaela,Cadenas,Nightshade,48,Transformaciones,Salamandra,2015,Alto
Ibán,Valera,Sunflare,60,Hechizos,Lechuza,2018,Bajo
Agapito,Sedano,Nightshade,43,Pociones,Salamandra,2016,Alto
Encarnación,Tomás,Sunflare,82,Criaturas Mágicas,Gato,2019,Bajo
Nereida,Canales,Thunderclaw,92,Hechizos,Gato,2022,Bajo
Emelina,Donoso,Moonlight,98,Hechizos,Lechuza,2022,Bajo
R,Fiol,Nightshade,91,Transformaciones,Lechuza,2021,Bajo
Samanta,Rocha,Sunflare,95,Hechizos,Lechuza,2015,Bajo
Vasco,Mateo,Dragonescale,93,Hechizos,Lechuza,2016,Bajo
Amador,Escobar,Dragonescale,99,Hechizos,Fénix,2020,Bajo
Adela,Jaén,Moonlight,92,Transformaciones,Dragón,2016,Bajo
Adelina,Mateu,Sunflare,62,Criaturas Mágicas,Salamandra,2015,Bajo
Bruno,Galan,Nightshade,70,Criaturas Mágicas,Lechuza,2020,Bajo
Paloma,Abella,Dragonescale,77,Hechizos,Gato,2016,Bajo
Bernardino,Cantero,Thunderclaw,57,Transformaciones,Gato,2020,Bajo
Cipriano,Prat,Moonlight,60,Criaturas Mágicas,Salamandra,2021,Bajo
Armida,Canales,Nightshade,97,Criaturas Mágicas,Lechuza,2021,Bajo
Manu,Anglada,Sunflare,33,Criaturas Mágicas,Lechuza,2015,Alto
Evangelina,Esparza,Sunflare,48,Transformaciones,Lechuza,2015,Alto
Benjamín,Quevedo,Moonlight,99,Transformaciones,Dragón,2020,Bajo
Custodia,Armengol,Moonlight,42,Hechizos,Lechuza,2017,Alto
Ciro,Roda,Moonlight,52,Adivinación,Lechuza,2018,Bajo
María,Carmen,Dragonescale,30,Criaturas Mágicas,Lechuza,2022,Alto
Benjamín,Tejero,Sunflare,83,Adivinación,Gato,2016,Bajo
Nilda,Villaverde,Sunflare,44,Transformaciones,Lechuza,2016,Alto
Gema,Sevilla,Nightshade,94,Transformaciones,Lechuza,2017,Bajo
Benjamín,Puig,Nightshade,44,Transformaciones,Lechuza,2017,Alto
Dolores,Pérez,Thunderclaw,50,Adivinación,Gato,2017,Bajo
Angelino,Marcos,Sunflare,48,Transformaciones,Salamandra,2019,Alto
Lucho,Palau,Nightshade,89,Hechizos,Gato,2019,Bajo
Marcia,Bartolomé,Sunflare,62,Transformaciones,Gato,2020,Bajo
Ignacia,Cabello,Moonlight,78,Pociones,Lechuza,2019,Bajo
Cayetano,Marcos,Moonlight,64,Adivinación,Gato,2021,Bajo
Che,Hurtado,Dragonescale,73,Pociones,Lechuza,2021,Bajo
Griselda,Agustí,Nightshade,40,Transformaciones,Lechuza,2015,Alto
Manuel,Romeu,Thunderclaw,110,Hechizos,Gato,2022,Bajo
Candelas,Vera,Moonlight,75,Criaturas Mágicas,Salamandra,2020,Bajo
Lidia,Blasco,Sunflare,38,Transformaciones,Lechuza,2022,Alto
Ismael,Aroca,Thunderclaw,32,Hechizos,Gato,2016,Alto
Bernardino,Seco,Moonlight,55,Adivinación,Gato,2018,Bajo
Anunciación,Mendoza,Dragonescale,77,Pociones,Lechuza,2015,Bajo
Cintia,Gibert,Sunflare,95,Pociones,Lechuza,2016,Bajo
Jose,Ramón,Thunderclaw,99,Pociones,Lechuza,2016,Bajo
Brunilda,Casals,Sunflare,57,Adivinación,Lechuza,2020,Bajo
Delia,Garzón,Thunderclaw,55,Hechizos,Lechuza,2017,Bajo
Ciro,Guzmán,Sunflare,54,Adivinación,Lechuza,2017,Bajo
Jacinto,Alvarez,Thunderclaw,56,Pociones,Lechuza,2022,Bajo
Buenaventura,Murillo,Thunderclaw,34,Transformaciones,Gato,2015,Alto
Zaira,Castell,Sunflare,77,Criaturas Mágicas,Gato,2017,Bajo
Benigna,Iglesias,Moonlight,66,Adivinación,Fénix,2016,Bajo
Gerardo,Clemente,Dragonescale,73,Adivinación,Lechuza,2017,Bajo
Valentín,Casanova,Dragonescale,44,Hechizos,Gato,2019,Alto
Joel,Madrigal,Sunflare,72,Hechizos,Salamandra,2017,Bajo
Pancho,Gomez,Thunderclaw,77,Adivinación,Gato,2016,Bajo
Virginia,Matas,Sunflare,99,Pociones,Lechuza,2022,Bajo
Jenaro,Bauzà,Moonlight,75,Criaturas Mágicas,Gato,2020,Bajo
Paola,Ledesma,Dragonescale,72,Hechizos,Lechuza,2015,Bajo
Alcides,Dávila,Dragonescale,50,Pociones,Lechuza,2018,Bajo
Lara,Luna,Moonlight,52,Transformaciones,Gato,2017,Bajo
Rita,Pareja,Thunderclaw,91,Hechizos,Gato,2021,Bajo
Che,Torre,Moonlight,44,Pociones,Dragón,2021,Alto
Marisela,Anguita,Moonlight,54,Pociones,Fénix,2022,Bajo
Adoración,Aliaga,Nightshade,65,Criaturas Mágicas,Gato,2016,Bajo
Nayara,Jordán,Moonlight,80,Criaturas Mágicas,Lechuza,2018,Bajo
Ricardo,Sanjuan,Thunderclaw,44,Transformaciones,Fénix,2018,Alto
Wálter,Morillo,Sunflare,97,Pociones,Lechuza,2019,Bajo
Merche,Landa,Moonlight,50,Pociones,Fénix,2018,Bajo
Gervasio,Lopez,Thunderclaw,57,Criaturas Mágicas,Gato,2021,Bajo
Amalia,Andres,Sunflare,48,Hechizos,Lechuza,2020,Alto
Antonio,Camps,Nightshade,63,Hechizos,Gato,2016,Bajo
Maribel,Azorin,Dragonescale,97,Adivinación,Gato,2016,Bajo
Natividad,Barba,Nightshade,81,Criaturas Mágicas,Gato,2017,Bajo
José,Cases,Moonlight,56,Adivinación,Fénix,2017,Bajo
Rico,Palomar,Moonlight,58,Criaturas Mágicas,Gato,2017,Bajo
Consuela,Gonzalo,Moonlight,57,Transformaciones,Gato,2021,Bajo
Piedad,Valero,Nightshade,64,Pociones,Salamandra,2021,Bajo
Tito,Cantero,Moonlight,37,Transformaciones,Gato,2022,Alto
Guiomar,Quiroga,Moonlight,45,Criaturas Mágicas,Lechuza,2021,Alto
Ruy,Segarra,Thunderclaw,80,Pociones,Salamandra,2021,Bajo
Aureliano,Alcolea,Moonlight,59,Hechizos,Lechuza,2021,Bajo
Nico,Montenegro,Dragonescale,47,Hechizos,Gato,2021,Alto
Demetrio,Chaves,Dragonescale,31,Adivinación,Salamandra,2020,Alto
Evelia,Villalba,Dragonescale,78,Criaturas Mágicas,Gato,2021,Bajo
Juan,Manuel,Dragonescale,33,Criaturas Mágicas,Gato,2022,Alto
Dominga,Roca,Dragonescale,36,Hechizos,Gato,2018,Alto
África,Nicolás,Thunderclaw,68,Transformaciones,Lechuza,2018,Bajo
Rosalva,Asenjo,Dragonescale,42,Pociones,Salamandra,2019,Alto
Mayte,Piña,Moonlight,60,Transformaciones,Lechuza,2020,Bajo
Rogelio,Pizarro,Sunflare,92,Transformaciones,Lechuza,2017,Bajo
Valentín,Zamora,Moonlight,85,Hechizos,Lechuza,2015,Bajo
Onofre,Mir,Sunflare,71,Hechizos,Gato,2021,Bajo
Eliseo,Arregui,Dragonescale,90,Hechizos,Gato,2019,Bajo
Curro,Rosselló,Dragonescale,71,Adivinación,Salamandra,2015,Bajo
Bernardo,Ribera,Dragonescale,85,Transformaciones,Lechuza,2022,Bajo
Edelmira,Luna,Dragonescale,65,Criaturas Mágicas,Lechuza,2018,Bajo
María,Carmen,Moonlight,97,Pociones,Dragón,2019,Bajo
Adelina,Benet,Dragonescale,36,Adivinación,Lechuza,2022,Alto
Modesta,Acedo,Dragonescale,83,Criaturas Mágicas,Gato,2019,Bajo
Ángela,Gimenez,Dragonescale,30,Transformaciones,Dragón,2016,Alto
Carolina,Alberdi,Moonlight,73,Hechizos,Lechuza,2022,Bajo
Dionisia,Giménez,Moonlight,74,Transformaciones,Lechuza,2018,Bajo
Mayte,Paredes,Moonlight,76,Pociones,Dragón,2018,Bajo
Marisa,Feijoo,Thunderclaw,57,Adivinación,Lechuza,2020,Bajo
Lalo,Salazar,Sunflare,51,Adivinación,Lechuza,2019,Bajo
Ainara,Carbó,Dragonescale,50,Pociones,Gato,2021,Bajo
Noelia,Marquez,Sunflare,38,Criaturas Mágicas,Salamandra,2018,Alto
Carlos,Herrero,Thunderclaw,55,Criaturas Mágicas,Gato,2019,Bajo
Salud,Ibáñez,Dragonescale,38,Adivinación,Fénix,2020,Alto
Ovidio,Romero,Sunflare,44,Adivinación,Lechuza,2021,Alto
Sol,Badía,Nightshade,39,Hechizos,Gato,2022,Alto
Alejo,Jaén,Dragonescale,71,Criaturas Mágicas,Fénix,2020,Bajo
Inmaculada,Bonet,Moonlight,53,Pociones,Lechuza,2016,Bajo
Hilda,Marín,Sunflare,78,Criaturas Mágicas,Fénix,2021,Bajo
Goyo,Busquets,Sunflare,55,Hechizos,Dragón,2019,Bajo
Fidel,Pinilla,Dragonescale,66,Adivinación,Lechuza,2018,Bajo
Yésica,Lobo,Moonlight,97,Adivinación,Dragón,2018,Bajo
Reyna,Tomas,Moonlight,79,Hechizos,Gato,2019,Bajo
Ciro,Gutierrez,Moonlight,53,Pociones,Gato,2019,Bajo
Juanito,Acedo,Thunderclaw,48,Adivinación,Gato,2019,Alto
Tito,Sanmiguel,Moonlight,89,Transformaciones,Lechuza,2017,Bajo
Teresa,Pomares,Moonlight,68,Adivinación,Lechuza,2021,Bajo
Vito,Carrillo,Sunflare,47,Transformaciones,Dragón,2018,Alto
Laura,Coronado,Dragonescale,48,Hechizos,Lechuza,2021,Alto
María,Fernanda,Moonlight,65,Hechizos,Fénix,2020,Bajo
Heriberto,Arranz,Sunflare,84,Adivinación,Lechuza,2018,Bajo
Marisa,Porta,Sunflare,98,Criaturas Mágicas,Salamandra,2017,Bajo
Eugenio,Amat,Thunderclaw,76,Transformaciones,Salamandra,2019,Bajo
Casandra,Castejón,Thunderclaw,78,Pociones,Lechuza,2016,Bajo
Pastora,Santana,Dragonescale,62,Adivinación,Gato,2019,Bajo
Estrella,Mir,Moonlight,50,Pociones,Dragón,2022,Bajo
Trinidad,Falcón,Thunderclaw,51,Adivinación,Lechuza,2019,Bajo
Ani,Criado,Moonlight,77,Criaturas Mágicas,Dragón,2017,Bajo
Ester,Corominas,Moonlight,66,Criaturas Mágicas,Gato,2021,Bajo
Baltasar,Manzano,Moonlight,44,Criaturas Mágicas,Lechuza,2018,Alto
Ariel,Mendez,Dragonescale,64,Criaturas Mágicas,Gato,2019,Bajo
Jose,Miguel,Moonlight,61,Hechizos,Gato,2018,Bajo
Araceli,Llano,Moonlight,40,Hechizos,Lechuza,2015,Alto
Marina,Sanchez,Moonlight,39,Transformaciones,Gato,2020,Alto
Guadalupe,Molins,Dragonescale,86,Pociones,Gato,2021,Bajo
Paula,Lloret,Sunflare,54,Adivinación,Dragón,2018,Bajo
Teodoro,Cardona,Thunderclaw,31,Adivinación,Lechuza,2016,Alto
Nacio,Galán,Sunflare,93,Hechizos,Gato,2020,Bajo
Dani,Marin,Sunflare,64,Adivinación,Lechuza,2022,Bajo
Herminia,Carvajal,Moonlight,36,Hechizos,Gato,2022,Alto
Armando,Pombo,Dragonescale,47,Transformaciones,Lechuza,2016,Alto
Héctor,Font,Thunderclaw,96,Pociones,Lechuza,2019,Bajo
Gerardo,Ruano,Thunderclaw,86,Transformaciones,Lechuza,2020,Bajo
Nilo,Puga,Sunflare,68,Criaturas Mágicas,Lechuza,2018,Bajo
Domingo,Asenjo,Moonlight,70,Criaturas Mágicas,Gato,2020,Bajo
María,Del,Dragonescale,53,Criaturas Mágicas,Lechuza,2019,Bajo
Sebastian,Sanjuan,Moonlight,89,Transformaciones,Gato,2017,Bajo
Salud,Rocha,Moonlight,75,Adivinación,Salamandra,2021,Bajo
Ciriaco,Soriano,Thunderclaw,48,Pociones,Gato,2016,Alto
Ricardo,Lobo,Thunderclaw,97,Criaturas Mágicas,Gato,2019,Bajo
Juan,Luis,Moonlight,71,Criaturas Mágicas,Lechuza,2017,Bajo
Jose,Miguel,Nightshade,61,Criaturas Mágicas,Lechuza,2020,Bajo
Albano,Rivera,Thunderclaw,83,Pociones,Gato,2020,Bajo
Segismundo,Otero,Moonlight,65,Criaturas Mágicas,Lechuza,2019,Bajo
María,Alcalá,Dragonescale,65,Pociones,Gato,2018,Bajo
Carmina,Pi,Dragonescale,32,Criaturas Mágicas,Lechuza,2020,Alto
Íñigo,Luján,Moonlight,37,Transformaciones,Gato,2018,Alto
Arturo,Hierro,Dragonescale,99,Transformaciones,Salamandra,2018,Bajo
Martirio,Cabrera,Dragonescale,70,Pociones,Salamandra,2021,Bajo
Emiliano,Vergara,Moonlight,97,Transformaciones,Gato,2018,Bajo
Visitación,Valdés,Dragonescale,42,Pociones,Gato,2015,Alto
Vinicio,Jove,Sunflare,78,Transformaciones,Gato,2021,Bajo
José,Haro,Dragonescale,89,Transformaciones,Gato,2017,Bajo
Feliciana,Cantón,Thunderclaw,31,Pociones,Lechuza,2017,Alto
Gabino,Font,Moonlight,89,Adivinación,Lechuza,2020,Bajo
Consuelo,Herranz,Nightshade,34,Transformaciones,Lechuza,2020,Alto
Adela,Ruano,Dragonescale,73,Criaturas Mágicas,Fénix,2018,Bajo
Feliciana,Sebastián,Moonlight,56,Adivinación,Lechuza,2021,Bajo
Felicia,Izquierdo,Nightshade,61,Pociones,Gato,2021,Bajo
Eutropio,Sabater,Sunflare,50,Adivinación,Gato,2015,Bajo
Ulises,Páez,Sunflare,37,Hechizos,Gato,2018,Alto
Blas,Galván,Moonlight,79,Hechizos,Gato,2015,Bajo
Alfonso,Grau,Dragonescale,96,Transformaciones,Lechuza,2022,Bajo
Abilio,Portero,Sunflare,73,Transformaciones,Gato,2018,Bajo
María,Cristina,Nightshade,87,Criaturas Mágicas,Salamandra,2016,Bajo
Margarita,Romero,Thunderclaw,32,Adivinación,Lechuza,2016,Alto
Jose,Francisco,Thunderclaw,99,Hechizos,Lechuza,2019,Bajo
Vanesa,Barral,Moonlight,31,Transformaciones,Gato,2018,Alto
Lourdes,Conesa,Sunflare,73,Adivinación,Salamandra,2021,Bajo
I,Nuñez,Dragonescale,31,Transformaciones,Dragón,2020,Alto
Paz,Blázquez,Moonlight,64,Transformaciones,Gato,2017,Bajo
Gregorio,Gonzalo,Moonlight,59,Hechizos,Salamandra,2019,Bajo
Mariana,Mir,Thunderclaw,52,Hechizos,Lechuza,2020,Bajo
Gracia,Calleja,Moonlight,51,Transformaciones,Fénix,2016,Bajo
Angelita,Escalona,Dragonescale,73,Pociones,Gato,2018,Bajo
Rodolfo,Farré,Thunderclaw,87,Transformaciones,Gato,2019,Bajo
Sandra,Benet,Moonlight,65,Transformaciones,Gato,2018,Bajo
Amador,Llopis,Thunderclaw,98,Criaturas Mágicas,Lechuza,2016,Bajo
Lorenzo,Martín,Dragonescale,60,Criaturas Mágicas,Lechuza,2019,Bajo
Amaya,Aliaga,Moonlight,76,Criaturas Mágicas,Lechuza,2016,Bajo
Martin,Somoza,Thunderclaw,84,Pociones,Lechuza,2015,Bajo
Joel,Cerdá,Dragonescale,91,Pociones,Lechuza,2016,Bajo
Bárbara,Giménez,Moonlight,59,Transformaciones,Salamandra,2021,Bajo
Joan,Vazquez,Dragonescale,84,Criaturas Mágicas,Salamandra,2021,Bajo
Godofredo,Villegas,Dragonescale,45,Pociones,Gato,2018,Alto
Lalo,Luján,Nightshade,41,Hechizos,Salamandra,2017,Alto
Pascual,Aguado,Moonlight,46,Transformaciones,Gato,2016,Alto
Loreto,Suárez,Sunflare,45,Adivinación,Lechuza,2020,Alto
Luz,Calleja,Moonlight,41,Transformaciones,Lechuza,2021,Alto
Conrado,Pedrero,Sunflare,37,Adivinación,Gato,2022,Alto
Vicenta,Angulo,Sunflare,32,Criaturas Mágicas,Gato,2017,Alto
Cristian,Alberola,Thunderclaw,45,Adivinación,Lechuza,2015,Alto
Crescencia,Vera,Moonlight,59,Criaturas Mágicas,Gato,2019,Bajo
Nicodemo,Andrade,Moonlight,52,Hechizos,Dragón,2019,Bajo
Margarita,Nevado,Moonlight,34,Adivinación,Gato,2021,Alto
Cristian,Bru,Nightshade,94,Transformaciones,Salamandra,2017,Bajo
Modesto,Tamarit,Sunflare,59,Criaturas Mágicas,Gato,2021,Bajo
Anunciación,Camino,Nightshade,50,Transformaciones,Fénix,2019,Bajo
Tamara,Rosales,Dragonescale,99,Pociones,Salamandra,2022,Bajo
Consuela,Luís,Sunflare,51,Criaturas Mágicas,Fénix,2016,Bajo
Yésica,Olmo,Nightshade,61,Adivinación,Fénix,2017,Bajo
Primitiva,Naranjo,Dragonescale,62,Criaturas Mágicas,Salamandra,2018,Bajo
Evita,Carbonell,Dragonescale,45,Transformaciones,Gato,2016,Alto
Emelina,Flor,Sunflare,67,Hechizos,Dragón,2016,Bajo
Hortensia,Juárez,Thunderclaw,43,Criaturas Mágicas,Lechuza,2016,Alto
Florencio,Carbó,Sunflare,65,Adivinación,Gato,2018,Bajo
Ester,Cabo,Dragonescale,52,Pociones,Lechuza,2022,Bajo
Leonel,Coca,Sunflare,95,Hechizos,Lechuza,2015,Bajo
Anastasio,Patiño,Moonlight,31,Pociones,Fénix,2022,Alto
Sarita,Castro,Dragonescale,94,Criaturas Mágicas,Salamandra,2022,Bajo
Renata,Casanovas,Dragonescale,96,Transformaciones,Salamandra,2022,Bajo
Humberto,Iborra,Sunflare,81,Transformaciones,Lechuza,2020,Bajo
Severiano,Ballester,Sunflare,91,Adivinación,Dragón,2021,Bajo
Fabricio,Garrido,Thunderclaw,52,Transformaciones,Dragón,2019,Bajo
Juanito,Cuervo,Moonlight,55,Hechizos,Lechuza,2021,Bajo
Román,Santiago,Sunflare,97,Transformaciones,Dragón,2017,Bajo
Eladio,Iglesia,Moonlight,84,Adivinación,Dragón,2022,Bajo
Angelita,Pablo,Sunflare,35,Criaturas Mágicas,Fénix,2015,Alto
Ciro,Mariscal,Moonlight,64,Criaturas Mágicas,Gato,2017,Bajo
Leire,Rios,Moonlight,51,Transformaciones,Lechuza,2021,Bajo
Azucena,Palomo,Moonlight,72,Pociones,Lechuza,2019,Bajo
Lucho,Rocha,Moonlight,44,Criaturas Mágicas,Gato,2018,Alto
Cristina,Amigó,Sunflare,89,Transformaciones,Dragón,2021,Bajo
Macarena,Vélez,Thunderclaw,41,Adivinación,Fénix,2016,Alto
Ezequiel,Cuesta,Moonlight,78,Transformaciones,Lechuza,2021,Bajo
Emigdio,Cortina,Sunflare,71,Criaturas Mágicas,Lechuza,2016,Bajo
Isidora,Morata,Moonlight,67,Adivinación,Lechuza,2018,Bajo
Cristina,Ariño,Thunderclaw,89,Transformaciones,Dragón,2021,Bajo
Pepito,Gárate,Nightshade,64,Hechizos,Gato,2015,Bajo
Lucas,Blanes,Thunderclaw,59,Adivinación,Gato,2015,Bajo
Adán,Marí,Dragonescale,59,Hechizos,Gato,2017,Bajo
Roque,Aller,Nightshade,35,Pociones,Lechuza,2018,Alto
Celso,Romero,Thunderclaw,111,Adivinación,Gato,2022,Bajo
Hector,Durán,Moonlight,36,Hechizos,Gato,2015,Alto
Luna,Bustamante,Dragonescale,81,Criaturas Mágicas,Salamandra,2021,Bajo
Aránzazu,Puig,Sunflare,43,Criaturas Mágicas,Lechuza,2018,Alto
Flavio,Ramos,Thunderclaw,44,Pociones,Lechuza,2019,Alto
Jenaro,Antón,Thunderclaw,50,Adivinación,Gato,2016,Bajo
Jafet,Flor,Sunflare,64,Adivinación,Gato,2021,Bajo
Moreno,Duarte,Sunflare,95,Adivinación,Lechuza,2016,Bajo
Teodoro,Muro,Dragonescale,31,Pociones,Lechuza,2016,Alto
Febe,Juárez,Moonlight,64,Adivinación,Lechuza,2022,Bajo
Vera,Andres,Moonlight,49,Criaturas Mágicas,Salamandra,2018,Alto
Leonardo,Morcillo,Sunflare,39,Hechizos,Lechuza,2018,Alto
Pastor,Nevado,Dragonescale,54,Criaturas Mágicas,Fénix,2017,Bajo
Dafne,Colomer,Thunderclaw,95,Criaturas Mágicas,Gato,2016,Bajo
Clarisa,Pérez,Sunflare,54,Hechizos,Fénix,2017,Bajo
Manu,Gordillo,Sunflare,83,Criaturas Mágicas,Salamandra,2022,Bajo
Lina,Cobo,Moonlight,62,Pociones,Lechuza,2016,Bajo
Albino,Cobos,Sunflare,65,Hechizos,Salamandra,2017,Bajo
Odalis,Guijarro,Dragonescale,43,Criaturas Mágicas,Lechuza,2017,Alto
Belen,Mendez,Sunflare,94,Transformaciones,Fénix,2019,Bajo
Martin,Saez,Dragonescale,83,Criaturas Mágicas,Gato,2017,Bajo
Martina,Somoza,Moonlight,81,Pociones,Dragón,2018,Bajo
Norberto,Estévez,Sunflare,32,Adivinación,Gato,2017,Alto
Elisabet,Ibáñez,Dragonescale,70,Criaturas Mágicas,Fénix,2016,Bajo
Loreto,Torrecilla,Moonlight,35,Adivinación,Dragón,2017,Alto
A,Rivas,Sunflare,54,Transformaciones,Gato,2015,Bajo
Tomasa,Pujol,Sunflare,42,Criaturas Mágicas,Gato,2020,Alto
Edelmira,Alegre,Thunderclaw,37,Hechizos,Salamandra,2016,Alto
Imelda,Gutierrez,Sunflare,50,Adivinación,Lechuza,2015,Bajo
Candelario,Sala,Thunderclaw,112,Transformaciones,Lechuza,2022,Bajo
Felicia,Tudela,Moonlight,54,Hechizos,Dragón,2016,Bajo
Silvio,Cáceres,Moonlight,97,Hechizos,Gato,2018,Bajo
Iker,Noguera,Dragonescale,74,Hechizos,Lechuza,2020,Bajo
Teo,Cantero,Nightshade,89,Hechizos,Fénix,2020,Bajo
Joaquín,Reig,Thunderclaw,41,Criaturas Mágicas,Dragón,2018,Alto
Jesús,Serra,Moonlight,61,Criaturas Mágicas,Gato,2020,Bajo
Violeta,Larrañaga,Moonlight,42,Criaturas Mágicas,Dragón,2018,Alto
Ani,Pereira,Nightshade,60,Transformaciones,Lechuza,2015,Bajo
Maximiliano,Torrents,Dragonescale,49,Transformaciones,Lechuza,2022,Alto
Cleto,Rosa,Thunderclaw,47,Transformaciones,Lechuza,2019,Alto
José,Ángel,Thunderclaw,89,Pociones,Gato,2016,Bajo
María,Teresa,Thunderclaw,92,Transformaciones,Fénix,2018,Bajo
Genoveva,Blazquez,Dragonescale,35,Criaturas Mágicas,Gato,2016,Alto
Cándido,Guillen,Sunflare,61,Criaturas Mágicas,Fénix,2022,Bajo
Amada,Haro,Nightshade,72,Pociones,Salamandra,2015,Bajo
Jordán,Lopez,Thunderclaw,31,Pociones,Gato,2019,Alto
Amaya,Hernandez,Sunflare,89,Transformaciones,Salamandra,2022,Bajo
Candelas,Gomila,Nightshade,52,Adivinación,Gato,2015,Bajo
Noemí,Romeu,Sunflare,60,Pociones,Dragón,2020,Bajo
Mariana,Alegre,Dragonescale,34,Hechizos,Gato,2016,Alto
Jose,Francisco,Thunderclaw,78,Criaturas Mágicas,Dragón,2021,Bajo
Chelo,Agustí,Thunderclaw,39,Hechizos,Gato,2019,Alto
Germán,Ayllón,Moonlight,31,Criaturas Mágicas,Gato,2020,Alto
Adora,Tejero,Sunflare,40,Criaturas Mágicas,Dragón,2022,Alto
Bernabé,Sanjuan,Nightshade,79,Pociones,Lechuza,2019,Bajo
Pascual,Vergara,Nightshade,60,Pociones,Fénix,2020,Bajo
Sabas,Perea,Moonlight,85,Hechizos,Gato,2015,Bajo
Sandra,Pera,Dragonescale,38,Criaturas Mágicas,Lechuza,2018,Alto
Natividad,Armengol,Nightshade,50,Hechizos,Gato,2016,Bajo
Calista,Uribe,Sunflare,57,Adivinación,Gato,2017,Bajo
Jacobo,Campoy,Dragonescale,91,Hechizos,Gato,2017,Bajo
Leandro,Mendizábal,Nightshade,36,Transformaciones,Fénix,2015,Alto
Renato,Rivas,Sunflare,45,Hechizos,Gato,2022,Alto
Fernanda,Moya,Thunderclaw,33,Transformaciones,Lechuza,2016,Alto
Manuelita,Esteve,Thunderclaw,48,Transformaciones,Salamandra,2022,Alto
Hortensia,Menéndez,Moonlight,69,Transformaciones,Salamandra,2016,Bajo
Cornelio,Ferrera,Dragonescale,46,Adivinación,Lechuza,2015,Alto
Raquel,Paz,Moonlight,81,Hechizos,Lechuza,2016,Bajo
Candela,Solano,Sunflare,81,Hechizos,Lechuza,2018,Bajo
Marcial,Galván,Dragonescale,65,Adivinación,Gato,2022,Bajo
Porfirio,Valentín,Moonlight,67,Criaturas Mágicas,Gato,2015,Bajo
Cecilia,Ibañez,Moonlight,79,Pociones,Gato,2018,Bajo
Begoña,Carballo,Thunderclaw,92,Hechizos,Fénix,2016,Bajo
Pastor,Santiago,Nightshade,92,Pociones,Gato,2015,Bajo
Wilfredo,Patiño,Moonlight,91,Adivinación,Lechuza,2016,Bajo
Sancho,Carretero,Moonlight,36,Criaturas Mágicas,Lechuza,2022,Alto
Rosario,Molina,Sunflare,56,Criaturas Mágicas,Lechuza,2015,Bajo
Leopoldo,Robles,Moonlight,43,Criaturas Mágicas,Lechuza,2016,Alto
Odalis,Castell,Moonlight,34,Adivinación,Gato,2022,Alto
Leire,Cuadrado,Moonlight,84,Transformaciones,Salamandra,2018,Bajo
Teodosio,Salmerón,Dragonescale,31,Transformaciones,Lechuza,2021,Alto
Yago,Coca,Dragonescale,91,Pociones,Gato,2018,Bajo
Pilar,Tovar,Moonlight,50,Transformaciones,Gato,2016,Bajo
Vito,Vara,Moonlight,50,Transformaciones,Lechuza,2015,Bajo
Laura,Barral,Nightshade,39,Criaturas Mágicas,Lechuza,2017,Alto
Urbano,Tormo,Moonlight,87,Criaturas Mágicas,Lechuza,2018,Bajo
José,Luis,Thunderclaw,68,Pociones,Dragón,2018,Bajo
Priscila,Solsona,Thunderclaw,49,Hechizos,Fénix,2022,Alto
Che,Hernández,Dragonescale,94,Pociones,Dragón,2020,Bajo
Jerónimo,Piñol,Sunflare,42,Pociones,Lechuza,2017,Alto
Onofre,Márquez,Dragonescale,82,Adivinación,Gato,2016,Bajo
Wálter,Pedrosa,Nightshade,74,Adivinación,Fénix,2021,Bajo
Sandalio,Almansa,Dragonescale,61,Pociones,Lechuza,2015,Bajo
Ezequiel,Pereira,Moonlight,65,Pociones,Lechuza,2020,Bajo
Herminio,Lasa,Dragonescale,89,Pociones,Dragón,2016,Bajo
Quirino,Saez,Nightshade,40,Transformaciones,Lechuza,2019,Alto
Ismael,Mínguez,Thunderclaw,107,Adivinación,Lechuza,2021,Bajo
Eligia,Coronado,Thunderclaw,50,Pociones,Gato,2018,Bajo
Xavier,Montserrat,Dragonescale,81,Criaturas Mágicas,Lechuza,2019,Bajo
Herminia,Lasa,Sunflare,84,Criaturas Mágicas,Dragón,2018,Bajo
Herminia,Calvo,Moonlight,55,Transformaciones,Salamandra,2018,Bajo
Domingo,Andres,Sunflare,97,Transformaciones,Lechuza,2019,Bajo
Bonifacio,Bou,Moonlight,63,Hechizos,Lechuza,2021,Bajo
Rosalinda,Canals,Dragonescale,81,Hechizos,Lechuza,2022,Bajo
Miriam,Fuertes,Dragonescale,81,Hechizos,Fénix,2019,Bajo
José,Rocamora,Moonlight,58,Transformaciones,Lechuza,2016,Bajo
Flavia,Tudela,Thunderclaw,82,Transformaciones,Salamandra,2020,Bajo
Artemio,Giménez,Dragonescale,71,Transformaciones,Gato,2020,Bajo
Amaro,Carlos,Sunflare,50,Criaturas Mágicas,Dragón,2019,Bajo
Esteban,Jaén,Moonlight,71,Transformaciones,Fénix,2016,Bajo
Isidro,Sanchez,Thunderclaw,57,Criaturas Mágicas,Lechuza,2022,Bajo
María,Carmen,Moonlight,93,Hechizos,Dragón,2020,Bajo
Rafaela,Camacho,Moonlight,46,Hechizos,Salamandra,2016,Alto
Susanita,Gracia,Thunderclaw,53,Hechizos,Gato,2022,Bajo
Ricardo,Grau,Dragonescale,70,Pociones,Gato,2016,Bajo
Isidoro,Echeverría,Dragonescale,30,Pociones,Lechuza,2018,Alto
Perla,Mate,Sunflare,31,Adivinación,Lechuza,2020,Alto
Goyo,Sanabria,Nightshade,89,Adivinación,Gato,2022,Bajo
María,José,Moonlight,77,Adivinación,Lechuza,2020,Bajo
Teodora,Campillo,Moonlight,58,Pociones,Lechuza,2018,Bajo
Leonor,Villalobos,Thunderclaw,39,Pociones,Dragón,2019,Alto
Reinaldo,Corominas,Moonlight,87,Adivinación,Lechuza,2018,Bajo
Ricardo,Caballero,Dragonescale,89,Adivinación,Salamandra,2020,Bajo
Prudencio,Peralta,Dragonescale,50,Transformaciones,Lechuza,2020,Bajo
Caridad,Marin,Sunflare,57,Adivinación,Fénix,2021,Bajo
Pancho,Pedrero,Sunflare,63,Transformaciones,Lechuza,2022,Bajo
Otilia,Goñi,Dragonescale,37,Criaturas Mágicas,Gato,2019,Alto
Florina,León,Moonlight,88,Pociones,Lechuza,2018,Bajo
Pascual,Coloma,Moonlight,78,Adivinación,Lechuza,2022,Bajo
Salvador,Téllez,Sunflare,46,Pociones,Lechuza,2015,Alto
Rocío,Pintor,Dragonescale,89,Pociones,Lechuza,2022,Bajo
Griselda,Real,Dragonescale,74,Pociones,Gato,2015,Bajo
Margarita,Cerezo,Sunflare,98,Criaturas Mágicas,Fénix,2019,Bajo
Leandro,Sancho,Dragonescale,61,Hechizos,Gato,2018,Bajo
Estela,Iglesia,Sunflare,73,Adivinación,Lechuza,2018,Bajo
Gabriela,Adán,Moonlight,94,Hechizos,Dragón,2016,Bajo
M,Amores,Dragonescale,37,Hechizos,Lechuza,2020,Alto
Bernarda,Requena,Moonlight,72,Hechizos,Gato,2017,Bajo
Jose,Barco,Sunflare,30,Pociones,Gato,2021,Alto
Salvador,Leal,Sunflare,80,Transformaciones,Fénix,2022,Bajo
Mohamed,Higueras,Sunflare,53,Pociones,Dragón,2019,Bajo
Eric,Landa,Moonlight,53,Pociones,Gato,2017,Bajo
Francisco,Díez,Sunflare,46,Hechizos,Lechuza,2022,Alto
Leandro,Ruano,Moonlight,34,Pociones,Gato,2017,Alto
Sabas,Ricart,Moonlight,49,Hechizos,Gato,2019,Alto
Quirino,Vives,Sunflare,50,Transformaciones,Gato,2018,Bajo
Vicente,López,Dragonescale,87,Adivinación,Gato,2019,Bajo
Fernanda,Anguita,Dragonescale,60,Hechizos,Lechuza,2022,Bajo
Amílcar,Andrés,Moonlight,40,Transformaciones,Gato,2017,Alto
Nydia,Agudo,Dragonescale,81,Adivinación,Lechuza,2020,Bajo
Rafa,Madrid,Dragonescale,44,Criaturas Mágicas,Gato,2021,Alto
Abril,Sanchez,Thunderclaw,51,Hechizos,Lechuza,2021,Bajo
Graciana,Pinilla,Moonlight,57,Hechizos,Gato,2020,Bajo
Olga,Seguí,Sunflare,80,Criaturas Mágicas,Fénix,2020,Bajo
Vasco,García,Sunflare,87,Criaturas Mágicas,Salamandra,2018,Bajo
Evaristo,Company,Moonlight,34,Hechizos,Salamandra,2022,Alto
Humberto,Ropero,Moonlight,34,Criaturas Mágicas,Gato,2015,Alto
Isidoro,Falcón,Moonlight,37,Pociones,Gato,2019,Alto
Severiano,Nicolau,Thunderclaw,108,Adivinación,Gato,2021,Bajo
Ildefonso,Vila,Moonlight,39,Adivinación,Salamandra,2020,Alto
Pedro,Gallego,Thunderclaw,67,Adivinación,Lechuza,2019,Bajo
Jose,Ignacio,Moonlight,37,Pociones,Fénix,2021,Alto
Trini,Pallarès,Thunderclaw,69,Criaturas Mágicas,Fénix,2020,Bajo
Máxima,Flores,Moonlight,95,Transformaciones,Gato,2022,Bajo
Luis,Pérez,Moonlight,79,Criaturas Mágicas,Lechuza,2021,Bajo
Reyes,Pinto,Nightshade,96,Hechizos,Lechuza,2018,Bajo
Consuelo,Marqués,Sunflare,78,Adivinación,Salamandra,2015,Bajo
Josefa,Tejero,Dragonescale,65,Criaturas Mágicas,Lechuza,2015,Bajo
Reyes,Moya,Sunflare,97,Transformaciones,Salamandra,2020,Bajo
Macaria,Mora,Moonlight,70,Hechizos,Lechuza,2021,Bajo
Javi,Botella,Sunflare,91,Pociones,Lechuza,2018,Bajo
Blas,Murcia,Sunflare,39,Pociones,Fénix,2016,Alto
Laura,Río,Moonlight,50,Transformaciones,Gato,2019,Bajo
Bernarda,Valls,Dragonescale,65,Hechizos,Gato,2019,Bajo
Carmina,Raya,Moonlight,41,Adivinación,Gato,2017,Alto
Eufemia,Galván,Thunderclaw,31,Criaturas Mágicas,Lechuza,2018,Alto
Anselma,Torres,Thunderclaw,57,Hechizos,Gato,2021,Bajo
Noé,Losa,Moonlight,82,Pociones,Lechuza,2022,Bajo
Josefina,Torrecilla,Dragonescale,61,Transformaciones,Fénix,2022,Bajo
Emma,Ángel,Sunflare,45,Transformaciones,Salamandra,2017,Alto
Eufemia,Salamanca,Nightshade,61,Criaturas Mágicas,Lechuza,2020,Bajo
Florentina,Bayona,Thunderclaw,76,Transformaciones,Gato,2021,Bajo
Anabel,Valencia,Dragonescale,40,Transformaciones,Gato,2017,Alto
Dafne,Cid,Moonlight,39,Hechizos,Lechuza,2015,Alto
Fátima,Cabeza,Dragonescale,44,Adivinación,Fénix,2019,Alto
Consuela,Quiroga,Nightshade,46,Criaturas Mágicas,Dragón,2021,Alto
Jonatan,Polo,Dragonescale,69,Hechizos,Lechuza,2017,Bajo
Modesto,Colomer,Thunderclaw,47,Adivinación,Gato,2015,Alto
Ciriaco,Garrido,Moonlight,84,Hechizos,Gato,2018,Bajo
Rufina,Aznar,Thunderclaw,54,Hechizos,Gato,2017,Bajo
Ángela,Figueras,Sunflare,88,Transformaciones,Gato,2020,Bajo
Martirio,Benet,Sunflare,51,Adivinación,Gato,2020,Bajo
Joel,Llabrés,Moonlight,59,Criaturas Mágicas,Gato,2020,Bajo
Micaela,Requena,Dragonescale,73,Criaturas Mágicas,Dragón,2021,Bajo
Fabio,Cámara,Dragonescale,61,Adivinación,Lechuza,2022,Bajo
Crescencia,Fernandez,Nightshade,80,Transformaciones,Lechuza,2022,Bajo
Joaquina,Marí,Sunflare,75,Pociones,Lechuza,2019,Bajo
Jose,Carlos,Thunderclaw,50,Hechizos,Gato,2017,Bajo
Luciano,Sureda,Thunderclaw,61,Transformaciones,Lechuza,2018,Bajo
Armando,Monreal,Sunflare,68,Adivinación,Lechuza,2017,Bajo
Saturnina,Julián,Dragonescale,41,Hechizos,Lechuza,2019,Alto
Eleuterio,Alcolea,Nightshade,76,Criaturas Mágicas,Fénix,2015,Bajo
Calixto,Puerta,Moonlight,47,Pociones,Fénix,2019,Alto
Íñigo,Sans,Moonlight,50,Criaturas Mágicas,Gato,2020,Bajo
Ildefonso,Conde,Thunderclaw,57,Adivinación,Fénix,2021,Bajo
Anastasia,Ros,Dragonescale,50,Hechizos,Gato,2015,Bajo
Juan,Luis,Dragonescale,37,Adivinación,Gato,2021,Alto
Cirino,Roda,Sunflare,75,Hechizos,Dragón,2020,Bajo
Perla,Tovar,Dragonescale,36,Transformaciones,Gato,2016,Alto
Baldomero,Terrón,Thunderclaw,52,Pociones,Gato,2019,Bajo
Calisto,Vilaplana,Moonlight,51,Transformaciones,Gato,2019,Bajo
Emiliano,Contreras,Moonlight,51,Transformaciones,Gato,2018,Bajo
Elisabet,Lamas,Moonlight,58,Adivinación,Gato,2017,Bajo
Nicolás,Pinilla,Moonlight,42,Pociones,Gato,2015,Alto
Dani,Parejo,Sunflare,31,Hechizos,Fénix,2022,Alto
Maximiano,Julián,Moonlight,58,Hechizos,Lechuza,2021,Bajo
Lucía,Vázquez,Thunderclaw,81,Criaturas Mágicas,Gato,2015,Bajo
Nilda,Cardona,Moonlight,56,Hechizos,Lechuza,2018,Bajo
Ángel,Jara,Sunflare,79,Adivinación,Gato,2018,Bajo
Severo,Barrios,Nightshade,52,Transformaciones,Gato,2021,Bajo
Manu,Gelabert,Sunflare,73,Transformaciones,Dragón,2022,Bajo
Iván,Flores,Moonlight,51,Transformaciones,Gato,2017,Bajo
Artemio,Arcos,Dragonescale,72,Pociones,Lechuza,2021,Bajo
Nando,Coloma,Moonlight,66,Hechizos,Gato,2021,Bajo
Rico,Mariño,Thunderclaw,105,Adivinación,Lechuza,2020,Bajo
Paulina,Sobrino,Dragonescale,85,Pociones,Gato,2022,Bajo
Matías,Roldán,Moonlight,32,Criaturas Mágicas,Lechuza,2017,Alto
Cristian,Mata,Thunderclaw,92,Adivinación,Gato,2019,Bajo
Calista,Abascal,Moonlight,48,Adivinación,Lechuza,2020,Alto
Daniela,Tapia,Sunflare,52,Adivinación,Salamandra,2016,Bajo
Ariadna,Sáenz,Dragonescale,58,Transformaciones,Fénix,2022,Bajo
Buenaventura,Cifuentes,Dragonescale,59,Adivinación,Fénix,2017,Bajo
Jorge,Rivas,Sunflare,68,Hechizos,Gato,2018,Bajo
Ana,Sofía,Moonlight,54,Adivinación,Gato,2020,Bajo
Eugenio,Ruiz,Sunflare,37,Transformaciones,Lechuza,2017,Alto
Carmen,Roma,Moonlight,87,Adivinación,Lechuza,2015,Bajo
Valero,Niño,Moonlight,45,Criaturas Mágicas,Lechuza,2021,Alto
Vera,Ferrera,Sunflare,30,Criaturas Mágicas,Gato,2016,Alto
Maura,Yáñez,Sunflare,34,Transformaciones,Fénix,2019,Alto
Lorenza,Lago,Sunflare,32,Hechizos,Lechuza,2021,Alto
Victoriano,Tomé,Moonlight,94,Hechizos,Fénix,2015,Bajo
Paz,Paredes,Thunderclaw,33,Pociones,Gato,2015,Alto
Jose,Francisco,Moonlight,93,Transformaciones,Gato,2016,Bajo
Casandra,Almagro,Dragonescale,39,Adivinación,Lechuza,2019,Alto
Jose,Francisco,Nightshade,50,Transformaciones,Dragón,2018,Bajo
Eva,María,Dragonescale,75,Pociones,Gato,2020,Bajo
Violeta,Salas,Nightshade,56,Transformaciones,Gato,2022,Bajo
!,Corominas,Moonlight,95,Transformaciones,Lechuza,2019,Bajo
